second,Volt
-594.000E-06,+7.845312595E+00
-592.000E-06,+7.778906345E+00
-590.000E-06,+7.712500095E+00
-588.000E-06,+7.650000095E+00
-586.000E-06,+7.583593845E+00
-584.000E-06,+7.521093845E+00
-582.000E-06,+7.454687595E+00
-580.000E-06,+7.388281345E+00
-578.000E-06,+7.329687595E+00
-576.000E-06,+7.267187595E+00
-574.000E-06,+7.196875095E+00
-572.000E-06,+7.130468845E+00
-570.000E-06,+7.067968845E+00
-568.000E-06,+6.997656345E+00
-566.000E-06,+6.931250095E+00
-564.000E-06,+6.864843845E+00
-562.000E-06,+6.794531345E+00
-560.000E-06,+6.728125095E+00
-558.000E-06,+6.661718845E+00
-556.000E-06,+6.599218845E+00
-554.000E-06,+6.528906345E+00
-552.000E-06,+6.458593845E+00
-550.000E-06,+6.396093845E+00
-548.000E-06,+6.329687595E+00
-546.000E-06,+6.263281345E+00
-544.000E-06,+6.204687595E+00
-542.000E-06,+6.138281345E+00
-540.000E-06,+6.079687595E+00
-538.000E-06,+6.009375095E+00
-536.000E-06,+5.939062595E+00
-534.000E-06,+5.872656345E+00
-532.000E-06,+5.806250095E+00
-530.000E-06,+5.747656345E+00
-528.000E-06,+5.685156345E+00
-526.000E-06,+5.618750095E+00
-524.000E-06,+5.556250095E+00
-522.000E-06,+5.489843845E+00
-520.000E-06,+5.419531345E+00
-518.000E-06,+5.357031345E+00
-516.000E-06,+5.290625095E+00
-514.000E-06,+5.228125095E+00
-512.000E-06,+5.169531345E+00
-510.000E-06,+5.103125095E+00
-508.000E-06,+5.040625095E+00
-506.000E-06,+4.978125095E+00
-504.000E-06,+4.915625095E+00
-502.000E-06,+4.857031345E+00
-500.000E-06,+4.798437595E+00
-498.000E-06,+4.732031345E+00
-496.000E-06,+4.665625095E+00
-494.000E-06,+4.610937595E+00
-492.000E-06,+4.552343845E+00
-490.000E-06,+4.493750095E+00
-488.000E-06,+4.435156345E+00
-486.000E-06,+4.376562595E+00
-484.000E-06,+4.317968845E+00
-482.000E-06,+4.263281345E+00
-480.000E-06,+4.208593845E+00
-478.000E-06,+4.153906345E+00
-476.000E-06,+4.095312595E+00
-474.000E-06,+4.036718845E+00
-472.000E-06,+3.978125095E+00
-470.000E-06,+3.923437595E+00
-468.000E-06,+3.872656345E+00
-466.000E-06,+3.810156345E+00
-464.000E-06,+3.755468845E+00
-462.000E-06,+3.704687595E+00
-460.000E-06,+3.650000095E+00
-458.000E-06,+3.591406345E+00
-456.000E-06,+3.544531345E+00
-454.000E-06,+3.489843845E+00
-452.000E-06,+3.431250095E+00
-450.000E-06,+3.384375095E+00
-448.000E-06,+3.333593845E+00
-446.000E-06,+3.275000095E+00
-444.000E-06,+3.224218845E+00
-442.000E-06,+3.173437595E+00
-440.000E-06,+3.130468845E+00
-438.000E-06,+3.067968845E+00
-436.000E-06,+3.025000095E+00
-434.000E-06,+2.966406345E+00
-432.000E-06,+2.919531345E+00
-430.000E-06,+2.872656345E+00
-428.000E-06,+2.821875095E+00
-426.000E-06,+2.778906345E+00
-424.000E-06,+2.732031345E+00
-422.000E-06,+2.689062595E+00
-420.000E-06,+2.638281345E+00
-418.000E-06,+2.599218845E+00
-416.000E-06,+2.552343845E+00
-414.000E-06,+2.505468845E+00
-412.000E-06,+2.470312595E+00
-410.000E-06,+2.423437595E+00
-408.000E-06,+2.384375095E+00
-406.000E-06,+2.341406345E+00
-404.000E-06,+2.302343845E+00
-402.000E-06,+2.255468845E+00
-400.000E-06,+2.220312595E+00
-398.000E-06,+2.181250095E+00
-396.000E-06,+2.138281345E+00
-394.000E-06,+2.099218845E+00
-392.000E-06,+2.060156345E+00
-390.000E-06,+2.025000095E+00
-388.000E-06,+1.985937595E+00
-386.000E-06,+1.942968845E+00
-384.000E-06,+1.907812595E+00
-382.000E-06,+1.876562595E+00
-380.000E-06,+1.845312595E+00
-378.000E-06,+1.806250095E+00
-376.000E-06,+1.767187595E+00
-374.000E-06,+1.739843845E+00
-372.000E-06,+1.708593845E+00
-370.000E-06,+1.673437595E+00
-368.000E-06,+1.642187595E+00
-366.000E-06,+1.614843845E+00
-364.000E-06,+1.575781345E+00
-362.000E-06,+1.548437595E+00
-360.000E-06,+1.525000095E+00
-358.000E-06,+1.493750095E+00
-356.000E-06,+1.466406345E+00
-354.000E-06,+1.435156345E+00
-352.000E-06,+1.411718845E+00
-350.000E-06,+1.384375095E+00
-348.000E-06,+1.353125095E+00
-346.000E-06,+1.329687595E+00
-344.000E-06,+1.306250095E+00
-342.000E-06,+1.278906345E+00
-340.000E-06,+1.255468845E+00
-338.000E-06,+1.232031345E+00
-336.000E-06,+1.212500095E+00
-334.000E-06,+1.185156345E+00
-332.000E-06,+1.165625095E+00
-330.000E-06,+1.150000095E+00
-328.000E-06,+1.126562595E+00
-326.000E-06,+1.110937595E+00
-324.000E-06,+1.091406345E+00
-322.000E-06,+1.075781345E+00
-320.000E-06,+1.060156345E+00
-318.000E-06,+1.044531345E+00
-316.000E-06,+1.028906345E+00
-314.000E-06,+1.009375095E+00
-312.000E-06,+997.656345E-03
-310.000E-06,+985.937595E-03
-308.000E-06,+974.218845E-03
-306.000E-06,+958.593845E-03
-304.000E-06,+946.875095E-03
-302.000E-06,+935.156345E-03
-300.000E-06,+927.343845E-03
-298.000E-06,+911.718845E-03
-296.000E-06,+903.906345E-03
-294.000E-06,+896.093845E-03
-292.000E-06,+888.281345E-03
-290.000E-06,+880.468845E-03
-288.000E-06,+876.562595E-03
-286.000E-06,+872.656345E-03
-284.000E-06,+860.937595E-03
-282.000E-06,+857.031345E-03
-280.000E-06,+853.125095E-03
-278.000E-06,+853.125095E-03
-276.000E-06,+845.312595E-03
-274.000E-06,+841.406345E-03
-272.000E-06,+841.406345E-03
-270.000E-06,+841.406345E-03
-268.000E-06,+841.406345E-03
-266.000E-06,+841.406345E-03
-264.000E-06,+841.406345E-03
-262.000E-06,+845.312595E-03
-260.000E-06,+845.312595E-03
-258.000E-06,+845.312595E-03
-256.000E-06,+849.218845E-03
-254.000E-06,+857.031345E-03
-252.000E-06,+860.937595E-03
-250.000E-06,+868.750095E-03
-248.000E-06,+868.750095E-03
-246.000E-06,+876.562595E-03
-244.000E-06,+884.375095E-03
-242.000E-06,+896.093845E-03
-240.000E-06,+903.906345E-03
-238.000E-06,+915.625095E-03
-236.000E-06,+915.625095E-03
-234.000E-06,+931.250095E-03
-232.000E-06,+946.875095E-03
-230.000E-06,+950.781345E-03
-228.000E-06,+962.500095E-03
-226.000E-06,+974.218845E-03
-224.000E-06,+989.843845E-03
-222.000E-06,+1.001562595E+00
-220.000E-06,+1.017187595E+00
-218.000E-06,+1.036718845E+00
-216.000E-06,+1.048437595E+00
-214.000E-06,+1.064062595E+00
-212.000E-06,+1.087500095E+00
-210.000E-06,+1.099218845E+00
-208.000E-06,+1.114843845E+00
-206.000E-06,+1.138281345E+00
-204.000E-06,+1.157812595E+00
-202.000E-06,+1.177343845E+00
-200.000E-06,+1.200781345E+00
-198.000E-06,+1.224218845E+00
-196.000E-06,+1.239843845E+00
-194.000E-06,+1.271093845E+00
-192.000E-06,+1.294531345E+00
-190.000E-06,+1.317968845E+00
-188.000E-06,+1.345312595E+00
-186.000E-06,+1.372656345E+00
-184.000E-06,+1.400000095E+00
-182.000E-06,+1.427343845E+00
-180.000E-06,+1.446875095E+00
-178.000E-06,+1.482031345E+00
-176.000E-06,+1.509375095E+00
-174.000E-06,+1.536718845E+00
-172.000E-06,+1.571875095E+00
-170.000E-06,+1.603125095E+00
-168.000E-06,+1.630468845E+00
-166.000E-06,+1.665625095E+00
-164.000E-06,+1.692968845E+00
-162.000E-06,+1.724218845E+00
-160.000E-06,+1.763281345E+00
-158.000E-06,+1.794531345E+00
-156.000E-06,+1.833593845E+00
-154.000E-06,+1.864843845E+00
-152.000E-06,+1.903906345E+00
-150.000E-06,+1.942968845E+00
-148.000E-06,+1.974218845E+00
-146.000E-06,+2.017187595E+00
-144.000E-06,+2.056250095E+00
-142.000E-06,+2.091406345E+00
-140.000E-06,+2.134375095E+00
-138.000E-06,+2.173437595E+00
-136.000E-06,+2.208593845E+00
-134.000E-06,+2.247656345E+00
-132.000E-06,+2.290625095E+00
-130.000E-06,+2.333593845E+00
-128.000E-06,+2.372656345E+00
-126.000E-06,+2.411718845E+00
-124.000E-06,+2.454687595E+00
-122.000E-06,+2.497656345E+00
-120.000E-06,+2.540625095E+00
-118.000E-06,+2.583593845E+00
-116.000E-06,+2.626562595E+00
-114.000E-06,+2.681250095E+00
-112.000E-06,+2.724218845E+00
-110.000E-06,+2.771093845E+00
-108.000E-06,+2.817968845E+00
-106.000E-06,+2.857031345E+00
-104.000E-06,+2.907812595E+00
-102.000E-06,+2.958593845E+00
-100.000E-06,+3.009375095E+00
-98.000E-06,+3.064062595E+00
-96.000E-06,+3.114843845E+00
-94.000E-06,+3.169531345E+00
-92.000E-06,+3.220312595E+00
-90.000E-06,+3.271093845E+00
-88.000E-06,+3.321875095E+00
-86.000E-06,+3.372656345E+00
-84.000E-06,+3.423437595E+00
-82.000E-06,+3.478125095E+00
-80.000E-06,+3.536718845E+00
-78.000E-06,+3.583593845E+00
-76.000E-06,+3.638281345E+00
-74.000E-06,+3.696875095E+00
-72.000E-06,+3.747656345E+00
-70.000E-06,+3.806250095E+00
-68.000E-06,+3.860937595E+00
-66.000E-06,+3.919531345E+00
-64.000E-06,+3.974218845E+00
-62.000E-06,+4.032812595E+00
-60.000E-06,+4.099218845E+00
-58.000E-06,+4.150000095E+00
-56.000E-06,+4.204687595E+00
-54.000E-06,+4.259375095E+00
-52.000E-06,+4.317968845E+00
-50.000E-06,+4.372656345E+00
-48.000E-06,+4.427343845E+00
-46.000E-06,+4.493750095E+00
-44.000E-06,+4.544531345E+00
-42.000E-06,+4.607031345E+00
-40.000E-06,+4.669531345E+00
-38.000E-06,+4.728125095E+00
-36.000E-06,+4.790625095E+00
-34.000E-06,+4.853125095E+00
-32.000E-06,+4.911718845E+00
-30.000E-06,+4.974218845E+00
-28.000E-06,+5.036718845E+00
-26.000E-06,+5.095312595E+00
-24.000E-06,+5.161718845E+00
-22.000E-06,+5.228125095E+00
-20.000E-06,+5.290625095E+00
-18.000E-06,+5.353125095E+00
-16.000E-06,+5.419531345E+00
-14.000E-06,+5.482031345E+00
-12.000E-06,+5.548437595E+00
-10.000E-06,+5.614843845E+00
-8.000E-06,+5.677343845E+00
-6.000E-06,+5.739843845E+00
-4.000E-06,+5.806250095E+00
-2.000E-06,+5.876562595E+00
+0.0E+00,+5.939062595E+00
+2.000E-06,+6.005468845E+00
+4.000E-06,+6.075781345E+00
+6.000E-06,+6.134375095E+00
+8.000E-06,+6.200781345E+00
+10.000E-06,+6.255468845E+00
+12.000E-06,+6.321875095E+00
+14.000E-06,+6.388281345E+00
+16.000E-06,+6.450781345E+00
+18.000E-06,+6.517187595E+00
+20.000E-06,+6.591406345E+00
+22.000E-06,+6.653906345E+00
+24.000E-06,+6.728125095E+00
+26.000E-06,+6.794531345E+00
+28.000E-06,+6.860937595E+00
+30.000E-06,+6.927343845E+00
+32.000E-06,+6.993750095E+00
+34.000E-06,+7.064062595E+00
+36.000E-06,+7.126562595E+00
+38.000E-06,+7.192968845E+00
+40.000E-06,+7.263281345E+00
+42.000E-06,+7.329687595E+00
+44.000E-06,+7.388281345E+00
+46.000E-06,+7.454687595E+00
+48.000E-06,+7.517187595E+00
+50.000E-06,+7.579687595E+00
+52.000E-06,+7.642187595E+00
+54.000E-06,+7.708593845E+00
+56.000E-06,+7.775000095E+00
+58.000E-06,+7.837500095E+00
+60.000E-06,+7.907812595E+00
+62.000E-06,+7.982031345E+00
+64.000E-06,+8.048437595E+00
+66.000E-06,+8.118750095E+00
+68.000E-06,+8.177343845E+00
+70.000E-06,+8.247656345E+00
+72.000E-06,+8.314062595E+00
+74.000E-06,+8.380468845E+00
+76.000E-06,+8.446875095E+00
+78.000E-06,+8.517187595E+00
+80.000E-06,+8.567968845E+00
+82.000E-06,+8.634375095E+00
+84.000E-06,+8.696875095E+00
+86.000E-06,+8.759375095E+00
+88.000E-06,+8.829687595E+00
+90.000E-06,+8.896093845E+00
+92.000E-06,+8.962500095E+00
+94.000E-06,+9.025000095E+00
+96.000E-06,+9.083593845E+00
+98.000E-06,+9.146093845E+00
+100.000E-06,+9.220312595E+00
+102.000E-06,+9.290625095E+00
+104.000E-06,+9.360937595E+00
+106.000E-06,+9.419531345E+00
+108.000E-06,+9.485937595E+00
+110.000E-06,+9.544531345E+00
+112.000E-06,+9.610937595E+00
+114.000E-06,+9.669531345E+00
+116.000E-06,+9.735937595E+00
+118.000E-06,+9.798437595E+00
+120.000E-06,+9.860937595E+00
+122.000E-06,+9.923437595E+00
+124.000E-06,+9.985937595E+00
+126.000E-06,+10.044531345E+00
+128.000E-06,+10.110937595E+00
+130.000E-06,+10.169531345E+00
+132.000E-06,+10.224218845E+00
+134.000E-06,+10.286718845E+00
+136.000E-06,+10.353125095E+00
+138.000E-06,+10.403906345E+00
+140.000E-06,+10.454687595E+00
+142.000E-06,+10.509375095E+00
+144.000E-06,+10.567968845E+00
+146.000E-06,+10.626562595E+00
+148.000E-06,+10.689062595E+00
+150.000E-06,+10.747656345E+00
+152.000E-06,+10.806250095E+00
+154.000E-06,+10.857031345E+00
+156.000E-06,+10.911718845E+00
+158.000E-06,+10.970312595E+00
+160.000E-06,+11.025000095E+00
+162.000E-06,+11.087500095E+00
+164.000E-06,+11.138281345E+00
+166.000E-06,+11.192968845E+00
+168.000E-06,+11.243750095E+00
+170.000E-06,+11.302343845E+00
+172.000E-06,+11.357031345E+00
+174.000E-06,+11.407812595E+00
+176.000E-06,+11.458593845E+00
+178.000E-06,+11.513281345E+00
+180.000E-06,+11.560156345E+00
+182.000E-06,+11.618750095E+00
+184.000E-06,+11.673437595E+00
+186.000E-06,+11.724218845E+00
+188.000E-06,+11.771093845E+00
+190.000E-06,+11.817968845E+00
+192.000E-06,+11.872656345E+00
+194.000E-06,+11.923437595E+00
+196.000E-06,+11.966406345E+00
+198.000E-06,+12.017187595E+00
+200.000E-06,+12.060156345E+00
+202.000E-06,+12.107031345E+00
+204.000E-06,+12.161718845E+00
+206.000E-06,+12.204687595E+00
+208.000E-06,+12.255468845E+00
+210.000E-06,+12.298437595E+00
+212.000E-06,+12.341406345E+00
+214.000E-06,+12.380468845E+00
+216.000E-06,+12.419531345E+00
+218.000E-06,+12.462500095E+00
+220.000E-06,+12.505468845E+00
+222.000E-06,+12.544531345E+00
+224.000E-06,+12.587500095E+00
+226.000E-06,+12.626562595E+00
+228.000E-06,+12.669531345E+00
+230.000E-06,+12.708593845E+00
+232.000E-06,+12.747656345E+00
+234.000E-06,+12.790625095E+00
+236.000E-06,+12.825781345E+00
+238.000E-06,+12.857031345E+00
+240.000E-06,+12.896093845E+00
+242.000E-06,+12.935156345E+00
+244.000E-06,+12.970312595E+00
+246.000E-06,+13.005468845E+00
+248.000E-06,+13.044531345E+00
+250.000E-06,+13.079687595E+00
+252.000E-06,+13.118750095E+00
+254.000E-06,+13.146093845E+00
+256.000E-06,+13.181250095E+00
+258.000E-06,+13.212500095E+00
+260.000E-06,+13.243750095E+00
+262.000E-06,+13.282812595E+00
+264.000E-06,+13.310156345E+00
+266.000E-06,+13.341406345E+00
+268.000E-06,+13.376562595E+00
+270.000E-06,+13.396093845E+00
+272.000E-06,+13.427343845E+00
+274.000E-06,+13.454687595E+00
+276.000E-06,+13.478125095E+00
+278.000E-06,+13.501562595E+00
+280.000E-06,+13.528906345E+00
+282.000E-06,+13.552343845E+00
+284.000E-06,+13.579687595E+00
+286.000E-06,+13.599218845E+00
+288.000E-06,+13.626562595E+00
+290.000E-06,+13.646093845E+00
+292.000E-06,+13.669531345E+00
+294.000E-06,+13.689062595E+00
+296.000E-06,+13.712500095E+00
+298.000E-06,+13.732031345E+00
+300.000E-06,+13.743750095E+00
+302.000E-06,+13.771093845E+00
+304.000E-06,+13.790625095E+00
+306.000E-06,+13.810156345E+00
+308.000E-06,+13.825781345E+00
+310.000E-06,+13.841406345E+00
+312.000E-06,+13.857031345E+00
+314.000E-06,+13.872656345E+00
+316.000E-06,+13.888281345E+00
+318.000E-06,+13.896093845E+00
+320.000E-06,+13.911718845E+00
+322.000E-06,+13.923437595E+00
+324.000E-06,+13.935156345E+00
+326.000E-06,+13.942968845E+00
+328.000E-06,+13.958593845E+00
+330.000E-06,+13.966406345E+00
+332.000E-06,+13.978125095E+00
+334.000E-06,+13.985937595E+00
+336.000E-06,+13.997656345E+00
+338.000E-06,+13.997656345E+00
+340.000E-06,+14.005468845E+00
+342.000E-06,+14.013281345E+00
+344.000E-06,+14.021093845E+00
+346.000E-06,+14.021093845E+00
+348.000E-06,+14.028906345E+00
+350.000E-06,+14.032812595E+00
+352.000E-06,+14.032812595E+00
+354.000E-06,+14.040625095E+00
+356.000E-06,+14.040625095E+00
+358.000E-06,+14.040625095E+00
+360.000E-06,+14.044531345E+00
+362.000E-06,+14.044531345E+00
+364.000E-06,+14.044531345E+00
+366.000E-06,+14.040625095E+00
+368.000E-06,+14.048437595E+00
+370.000E-06,+14.036718845E+00
+372.000E-06,+14.036718845E+00
+374.000E-06,+14.028906345E+00
+376.000E-06,+14.028906345E+00
+378.000E-06,+14.017187595E+00
+380.000E-06,+14.013281345E+00
+382.000E-06,+13.997656345E+00
+384.000E-06,+13.997656345E+00
+386.000E-06,+13.989843845E+00
+388.000E-06,+13.978125095E+00
+390.000E-06,+13.970312595E+00
+392.000E-06,+13.962500095E+00
+394.000E-06,+13.954687595E+00
+396.000E-06,+13.939062595E+00
+398.000E-06,+13.927343845E+00
+400.000E-06,+13.919531345E+00
+402.000E-06,+13.903906345E+00
+404.000E-06,+13.888281345E+00
+406.000E-06,+13.876562595E+00
+408.000E-06,+13.857031345E+00
+410.000E-06,+13.845312595E+00
+412.000E-06,+13.833593845E+00
+414.000E-06,+13.814062595E+00
+416.000E-06,+13.794531345E+00
+418.000E-06,+13.771093845E+00
+420.000E-06,+13.755468845E+00
+422.000E-06,+13.735937595E+00
+424.000E-06,+13.716406345E+00
+426.000E-06,+13.692968845E+00
+428.000E-06,+13.673437595E+00
+430.000E-06,+13.653906345E+00
+432.000E-06,+13.634375095E+00
+434.000E-06,+13.607031345E+00
+436.000E-06,+13.587500095E+00
+438.000E-06,+13.560156345E+00
+440.000E-06,+13.536718845E+00
+442.000E-06,+13.513281345E+00
+444.000E-06,+13.489843845E+00
+446.000E-06,+13.458593845E+00
+448.000E-06,+13.435156345E+00
+450.000E-06,+13.400000095E+00
+452.000E-06,+13.372656345E+00
+454.000E-06,+13.345312595E+00
+456.000E-06,+13.317968845E+00
+458.000E-06,+13.282812595E+00
+460.000E-06,+13.247656345E+00
+462.000E-06,+13.220312595E+00
+464.000E-06,+13.185156345E+00
+466.000E-06,+13.153906345E+00
+468.000E-06,+13.118750095E+00
+470.000E-06,+13.083593845E+00
+472.000E-06,+13.048437595E+00
+474.000E-06,+13.013281345E+00
+476.000E-06,+12.970312595E+00
+478.000E-06,+12.931250095E+00
+480.000E-06,+12.900000095E+00
+482.000E-06,+12.864843845E+00
+484.000E-06,+12.825781345E+00
+486.000E-06,+12.790625095E+00
+488.000E-06,+12.755468845E+00
+490.000E-06,+12.716406345E+00
+492.000E-06,+12.673437595E+00
+494.000E-06,+12.634375095E+00
+496.000E-06,+12.591406345E+00
+498.000E-06,+12.548437595E+00
+500.000E-06,+12.509375095E+00
+502.000E-06,+12.462500095E+00
+504.000E-06,+12.423437595E+00
+506.000E-06,+12.384375095E+00
+508.000E-06,+12.345312595E+00
+510.000E-06,+12.298437595E+00
+512.000E-06,+12.259375095E+00
+514.000E-06,+12.208593845E+00
+516.000E-06,+12.157812595E+00
+518.000E-06,+12.103125095E+00
+520.000E-06,+12.064062595E+00
+522.000E-06,+12.021093845E+00
+524.000E-06,+11.970312595E+00
+526.000E-06,+11.915625095E+00
+528.000E-06,+11.872656345E+00
+530.000E-06,+11.821875095E+00
+532.000E-06,+11.775000095E+00
+534.000E-06,+11.724218845E+00
+536.000E-06,+11.673437595E+00
+538.000E-06,+11.618750095E+00
+540.000E-06,+11.560156345E+00
+542.000E-06,+11.509375095E+00
+544.000E-06,+11.458593845E+00
+546.000E-06,+11.403906345E+00
+548.000E-06,+11.357031345E+00
+550.000E-06,+11.298437595E+00
+552.000E-06,+11.239843845E+00
+554.000E-06,+11.189062595E+00
+556.000E-06,+11.134375095E+00
+558.000E-06,+11.079687595E+00
+560.000E-06,+11.025000095E+00
+562.000E-06,+10.962500095E+00
+564.000E-06,+10.911718845E+00
+566.000E-06,+10.853125095E+00
+568.000E-06,+10.798437595E+00
+570.000E-06,+10.743750095E+00
+572.000E-06,+10.689062595E+00
+574.000E-06,+10.626562595E+00
+576.000E-06,+10.567968845E+00
+578.000E-06,+10.505468845E+00
+580.000E-06,+10.458593845E+00
+582.000E-06,+10.400000095E+00
+584.000E-06,+10.345312595E+00
+586.000E-06,+10.286718845E+00
+588.000E-06,+10.216406345E+00
+590.000E-06,+10.165625095E+00
+592.000E-06,+10.107031345E+00
+594.000E-06,+10.040625095E+00
+596.000E-06,+9.982031345E+00
+598.000E-06,+9.919531345E+00
+600.000E-06,+9.857031345E+00
+602.000E-06,+9.798437595E+00
+604.000E-06,+9.735937595E+00
+606.000E-06,+9.665625095E+00
+608.000E-06,+9.607031345E+00
+610.000E-06,+9.540625095E+00
+612.000E-06,+9.470312595E+00
+614.000E-06,+9.411718845E+00
+616.000E-06,+9.345312595E+00
+618.000E-06,+9.278906345E+00
+620.000E-06,+9.212500095E+00
+622.000E-06,+9.142187595E+00
+624.000E-06,+9.075781345E+00
+626.000E-06,+9.021093845E+00
+628.000E-06,+8.958593845E+00
+630.000E-06,+8.884375095E+00
+632.000E-06,+8.814062595E+00
+634.000E-06,+8.755468845E+00
+636.000E-06,+8.689062595E+00
+638.000E-06,+8.630468845E+00
+640.000E-06,+8.571875095E+00
+642.000E-06,+8.509375095E+00
+644.000E-06,+8.442968845E+00
+646.000E-06,+8.372656345E+00
+648.000E-06,+8.310156345E+00
+650.000E-06,+8.247656345E+00
+652.000E-06,+8.173437595E+00
+654.000E-06,+8.114843845E+00
+656.000E-06,+8.048437595E+00
+658.000E-06,+7.978125095E+00
+660.000E-06,+7.907812595E+00
+662.000E-06,+7.833593845E+00
+664.000E-06,+7.771093845E+00
+666.000E-06,+7.704687595E+00
+668.000E-06,+7.642187595E+00
+670.000E-06,+7.575781345E+00
+672.000E-06,+7.509375095E+00
+674.000E-06,+7.450781345E+00
+676.000E-06,+7.388281345E+00
+678.000E-06,+7.325781345E+00
+680.000E-06,+7.259375095E+00
+682.000E-06,+7.189062595E+00
+684.000E-06,+7.122656345E+00
+686.000E-06,+7.060156345E+00
+688.000E-06,+6.997656345E+00
+690.000E-06,+6.923437595E+00
+692.000E-06,+6.860937595E+00
+694.000E-06,+6.790625095E+00
+696.000E-06,+6.720312595E+00
+698.000E-06,+6.653906345E+00
+700.000E-06,+6.591406345E+00
+702.000E-06,+6.517187595E+00
+704.000E-06,+6.450781345E+00
+706.000E-06,+6.384375095E+00
+708.000E-06,+6.321875095E+00
+710.000E-06,+6.251562595E+00
+712.000E-06,+6.196875095E+00
+714.000E-06,+6.138281345E+00
+716.000E-06,+6.067968845E+00
+718.000E-06,+6.001562595E+00
+720.000E-06,+5.939062595E+00
+722.000E-06,+5.868750095E+00
+724.000E-06,+5.802343845E+00
+726.000E-06,+5.739843845E+00
+728.000E-06,+5.677343845E+00
+730.000E-06,+5.614843845E+00
+732.000E-06,+5.544531345E+00
+734.000E-06,+5.478125095E+00
+736.000E-06,+5.407812595E+00
+738.000E-06,+5.349218845E+00
+740.000E-06,+5.286718845E+00
+742.000E-06,+5.220312595E+00
+744.000E-06,+5.157812595E+00
+746.000E-06,+5.095312595E+00
+748.000E-06,+5.028906345E+00
+750.000E-06,+4.970312595E+00
+752.000E-06,+4.907812595E+00
+754.000E-06,+4.849218845E+00
+756.000E-06,+4.790625095E+00
+758.000E-06,+4.728125095E+00
+760.000E-06,+4.661718845E+00
+762.000E-06,+4.607031345E+00
+764.000E-06,+4.544531345E+00
+766.000E-06,+4.489843845E+00
+768.000E-06,+4.431250095E+00
+770.000E-06,+4.372656345E+00
+772.000E-06,+4.310156345E+00
+774.000E-06,+4.251562595E+00
+776.000E-06,+4.208593845E+00
+778.000E-06,+4.153906345E+00
+780.000E-06,+4.091406345E+00
+782.000E-06,+4.032812595E+00
+784.000E-06,+3.974218845E+00
+786.000E-06,+3.919531345E+00
+788.000E-06,+3.860937595E+00
+790.000E-06,+3.806250095E+00
+792.000E-06,+3.751562595E+00
+794.000E-06,+3.696875095E+00
+796.000E-06,+3.638281345E+00
+798.000E-06,+3.587500095E+00
+800.000E-06,+3.536718845E+00
+802.000E-06,+3.482031345E+00
+804.000E-06,+3.427343845E+00
+806.000E-06,+3.376562595E+00
+808.000E-06,+3.321875095E+00
+810.000E-06,+3.271093845E+00
+812.000E-06,+3.224218845E+00
+814.000E-06,+3.173437595E+00
+816.000E-06,+3.122656345E+00
+818.000E-06,+3.067968845E+00
+820.000E-06,+3.017187595E+00
+822.000E-06,+2.962500095E+00
+824.000E-06,+2.911718845E+00
+826.000E-06,+2.864843845E+00
+828.000E-06,+2.817968845E+00
+830.000E-06,+2.771093845E+00
+832.000E-06,+2.732031345E+00
+834.000E-06,+2.685156345E+00
+836.000E-06,+2.638281345E+00
+838.000E-06,+2.595312595E+00
+840.000E-06,+2.544531345E+00
+842.000E-06,+2.501562595E+00
+844.000E-06,+2.462500095E+00
+846.000E-06,+2.423437595E+00
+848.000E-06,+2.380468845E+00
+850.000E-06,+2.337500095E+00
+852.000E-06,+2.298437595E+00
+854.000E-06,+2.259375095E+00
+856.000E-06,+2.220312595E+00
+858.000E-06,+2.181250095E+00
+860.000E-06,+2.138281345E+00
+862.000E-06,+2.099218845E+00
+864.000E-06,+2.064062595E+00
+866.000E-06,+2.025000095E+00
+868.000E-06,+1.989843845E+00
+870.000E-06,+1.942968845E+00
+872.000E-06,+1.907812595E+00
+874.000E-06,+1.872656345E+00
+876.000E-06,+1.841406345E+00
+878.000E-06,+1.802343845E+00
+880.000E-06,+1.771093845E+00
+882.000E-06,+1.735937595E+00
+884.000E-06,+1.704687595E+00
+886.000E-06,+1.673437595E+00
+888.000E-06,+1.642187595E+00
+890.000E-06,+1.610937595E+00
+892.000E-06,+1.579687595E+00
+894.000E-06,+1.548437595E+00
+896.000E-06,+1.517187595E+00
+898.000E-06,+1.489843845E+00
+900.000E-06,+1.458593845E+00
+902.000E-06,+1.431250095E+00
+904.000E-06,+1.407812595E+00
+906.000E-06,+1.380468845E+00
+908.000E-06,+1.357031345E+00
+910.000E-06,+1.321875095E+00
+912.000E-06,+1.306250095E+00
+914.000E-06,+1.282812595E+00
+916.000E-06,+1.255468845E+00
+918.000E-06,+1.232031345E+00
+920.000E-06,+1.212500095E+00
+922.000E-06,+1.189062595E+00
+924.000E-06,+1.169531345E+00
+926.000E-06,+1.146093845E+00
+928.000E-06,+1.130468845E+00
+930.000E-06,+1.110937595E+00
+932.000E-06,+1.091406345E+00
+934.000E-06,+1.071875095E+00
+936.000E-06,+1.056250095E+00
+938.000E-06,+1.040625095E+00
+940.000E-06,+1.025000095E+00
+942.000E-06,+1.009375095E+00
+944.000E-06,+997.656345E-03
+946.000E-06,+982.031345E-03
+948.000E-06,+966.406345E-03
+950.000E-06,+954.687595E-03
+952.000E-06,+946.875095E-03
+954.000E-06,+931.250095E-03
+956.000E-06,+927.343845E-03
+958.000E-06,+915.625095E-03
+960.000E-06,+907.812595E-03
+962.000E-06,+896.093845E-03
+964.000E-06,+892.187595E-03
+966.000E-06,+884.375095E-03
+968.000E-06,+872.656345E-03
+970.000E-06,+868.750095E-03
+972.000E-06,+864.843845E-03
+974.000E-06,+860.937595E-03
+976.000E-06,+853.125095E-03
+978.000E-06,+849.218845E-03
+980.000E-06,+849.218845E-03
+982.000E-06,+845.312595E-03
+984.000E-06,+841.406345E-03
+986.000E-06,+849.218845E-03
+988.000E-06,+845.312595E-03
+990.000E-06,+841.406345E-03
+992.000E-06,+849.218845E-03
+994.000E-06,+845.312595E-03
+996.000E-06,+845.312595E-03
+998.000E-06,+849.218845E-03
+1.000000E-03,+853.125095E-03
+1.002000E-03,+857.031345E-03
+1.004000E-03,+860.937595E-03
+1.006000E-03,+868.750095E-03
+1.008000E-03,+868.750095E-03
+1.010000E-03,+884.375095E-03
+1.012000E-03,+888.281345E-03
+1.014000E-03,+896.093845E-03
+1.016000E-03,+907.812595E-03
+1.018000E-03,+919.531345E-03
+1.020000E-03,+919.531345E-03
+1.022000E-03,+935.156345E-03
+1.024000E-03,+942.968845E-03
+1.026000E-03,+954.687595E-03
+1.028000E-03,+970.312595E-03
+1.030000E-03,+974.218845E-03
+1.032000E-03,+997.656345E-03
+1.034000E-03,+1.009375095E+00
+1.036000E-03,+1.021093845E+00
+1.038000E-03,+1.032812595E+00
+1.040000E-03,+1.056250095E+00
+1.042000E-03,+1.071875095E+00
+1.044000E-03,+1.087500095E+00
+1.046000E-03,+1.103125095E+00
+1.048000E-03,+1.122656345E+00
+1.050000E-03,+1.142187595E+00
+1.052000E-03,+1.161718845E+00
+1.054000E-03,+1.185156345E+00
+1.056000E-03,+1.208593845E+00
+1.058000E-03,+1.228125095E+00
+1.060000E-03,+1.243750095E+00
+1.062000E-03,+1.271093845E+00
+1.064000E-03,+1.298437595E+00
+1.066000E-03,+1.329687595E+00
+1.068000E-03,+1.353125095E+00
+1.070000E-03,+1.376562595E+00
+1.072000E-03,+1.403906345E+00
+1.074000E-03,+1.427343845E+00
+1.076000E-03,+1.454687595E+00
+1.078000E-03,+1.485937595E+00
+1.080000E-03,+1.513281345E+00
+1.082000E-03,+1.544531345E+00
+1.084000E-03,+1.571875095E+00
+1.086000E-03,+1.607031345E+00
+1.088000E-03,+1.638281345E+00
+1.090000E-03,+1.665625095E+00
+1.092000E-03,+1.696875095E+00
+1.094000E-03,+1.732031345E+00
+1.096000E-03,+1.767187595E+00
+1.098000E-03,+1.810156345E+00
+1.100000E-03,+1.841406345E+00
+1.102000E-03,+1.876562595E+00
+1.104000E-03,+1.907812595E+00
+1.106000E-03,+1.946875095E+00
+1.108000E-03,+1.985937595E+00
+1.110000E-03,+2.021093845E+00
+1.112000E-03,+2.064062595E+00
+1.114000E-03,+2.103125095E+00
+1.116000E-03,+2.146093845E+00
+1.118000E-03,+2.177343845E+00
+1.120000E-03,+2.220312595E+00
+1.122000E-03,+2.259375095E+00
+1.124000E-03,+2.294531345E+00
+1.126000E-03,+2.337500095E+00
+1.128000E-03,+2.380468845E+00
+1.130000E-03,+2.423437595E+00
+1.132000E-03,+2.466406345E+00
+1.134000E-03,+2.505468845E+00
+1.136000E-03,+2.552343845E+00
+1.138000E-03,+2.599218845E+00
+1.140000E-03,+2.634375095E+00
+1.142000E-03,+2.685156345E+00
+1.144000E-03,+2.735937595E+00
+1.146000E-03,+2.778906345E+00
+1.148000E-03,+2.825781345E+00
+1.150000E-03,+2.868750095E+00
+1.152000E-03,+2.919531345E+00
+1.154000E-03,+2.970312595E+00
+1.156000E-03,+3.025000095E+00
+1.158000E-03,+3.071875095E+00
+1.160000E-03,+3.130468845E+00
+1.162000E-03,+3.173437595E+00
+1.164000E-03,+3.228125095E+00
+1.166000E-03,+3.275000095E+00
+1.168000E-03,+3.333593845E+00
+1.170000E-03,+3.384375095E+00
+1.172000E-03,+3.435156345E+00
+1.174000E-03,+3.489843845E+00
+1.176000E-03,+3.536718845E+00
+1.178000E-03,+3.599218845E+00
+1.180000E-03,+3.650000095E+00
+1.182000E-03,+3.704687595E+00
+1.184000E-03,+3.759375095E+00
+1.186000E-03,+3.814062595E+00
+1.188000E-03,+3.872656345E+00
+1.190000E-03,+3.931250095E+00
+1.192000E-03,+3.982031345E+00
+1.194000E-03,+4.044531345E+00
+1.196000E-03,+4.103125095E+00
+1.198000E-03,+4.150000095E+00
+1.200000E-03,+4.212500095E+00
+1.202000E-03,+4.267187595E+00
+1.204000E-03,+4.317968845E+00
+1.206000E-03,+4.380468845E+00
+1.208000E-03,+4.439062595E+00
+1.210000E-03,+4.497656345E+00
+1.212000E-03,+4.556250095E+00
+1.214000E-03,+4.607031345E+00
+1.216000E-03,+4.673437595E+00
+1.218000E-03,+4.735937595E+00
+1.220000E-03,+4.798437595E+00
+1.222000E-03,+4.864843845E+00
+1.224000E-03,+4.923437595E+00
+1.226000E-03,+4.982031345E+00
+1.228000E-03,+5.040625095E+00
+1.230000E-03,+5.103125095E+00
+1.232000E-03,+5.173437595E+00
+1.234000E-03,+5.232031345E+00
+1.236000E-03,+5.298437595E+00
+1.238000E-03,+5.364843845E+00
+1.240000E-03,+5.423437595E+00
+1.242000E-03,+5.489843845E+00
+1.244000E-03,+5.556250095E+00
+1.246000E-03,+5.622656345E+00
+1.248000E-03,+5.689062595E+00
+1.250000E-03,+5.751562595E+00
+1.252000E-03,+5.817968845E+00
+1.254000E-03,+5.880468845E+00
+1.256000E-03,+5.946875095E+00
+1.258000E-03,+6.013281345E+00
+1.260000E-03,+6.079687595E+00
+1.262000E-03,+6.142187595E+00
+1.264000E-03,+6.208593845E+00
+1.266000E-03,+6.267187595E+00
+1.268000E-03,+6.333593845E+00
+1.270000E-03,+6.403906345E+00
+1.272000E-03,+6.462500095E+00
+1.274000E-03,+6.532812595E+00
+1.276000E-03,+6.599218845E+00
+1.278000E-03,+6.665625095E+00
+1.280000E-03,+6.735937595E+00
+1.282000E-03,+6.802343845E+00
+1.284000E-03,+6.868750095E+00
+1.286000E-03,+6.931250095E+00
+1.288000E-03,+7.001562595E+00
+1.290000E-03,+7.075781345E+00
+1.292000E-03,+7.138281345E+00
+1.294000E-03,+7.196875095E+00
+1.296000E-03,+7.267187595E+00
+1.298000E-03,+7.337500095E+00
+1.300000E-03,+7.392187595E+00
+1.302000E-03,+7.454687595E+00
+1.304000E-03,+7.521093845E+00
+1.306000E-03,+7.583593845E+00
+1.308000E-03,+7.650000095E+00
+1.310000E-03,+7.712500095E+00
+1.312000E-03,+7.778906345E+00
+1.314000E-03,+7.853125095E+00
+1.316000E-03,+7.919531345E+00
+1.318000E-03,+7.993750095E+00
+1.320000E-03,+8.060156345E+00
+1.322000E-03,+8.122656345E+00
+1.324000E-03,+8.185156345E+00
+1.326000E-03,+8.247656345E+00
+1.328000E-03,+8.317968845E+00
+1.330000E-03,+8.392187595E+00
+1.332000E-03,+8.454687595E+00
+1.334000E-03,+8.521093845E+00
+1.336000E-03,+8.579687595E+00
+1.338000E-03,+8.642187595E+00
+1.340000E-03,+8.704687595E+00
+1.342000E-03,+8.763281345E+00
+1.344000E-03,+8.829687595E+00
+1.346000E-03,+8.900000095E+00
+1.348000E-03,+8.970312595E+00
+1.350000E-03,+9.032812595E+00
+1.352000E-03,+9.095312595E+00
+1.354000E-03,+9.153906345E+00
+1.356000E-03,+9.228125095E+00
+1.358000E-03,+9.294531345E+00
+1.360000E-03,+9.364843845E+00
+1.362000E-03,+9.427343845E+00
+1.364000E-03,+9.485937595E+00
+1.366000E-03,+9.552343845E+00
+1.368000E-03,+9.614843845E+00
+1.370000E-03,+9.677343845E+00
+1.372000E-03,+9.739843845E+00
+1.374000E-03,+9.806250095E+00
+1.376000E-03,+9.864843845E+00
+1.378000E-03,+9.927343845E+00
+1.380000E-03,+9.989843845E+00
+1.382000E-03,+10.052343845E+00
+1.384000E-03,+10.118750095E+00
+1.386000E-03,+10.177343845E+00
+1.388000E-03,+10.232031345E+00
+1.390000E-03,+10.294531345E+00
+1.392000E-03,+10.357031345E+00
+1.394000E-03,+10.403906345E+00
+1.396000E-03,+10.466406345E+00
+1.398000E-03,+10.513281345E+00
+1.400000E-03,+10.571875095E+00
+1.402000E-03,+10.630468845E+00
+1.404000E-03,+10.696875095E+00
